index	is_OL
AACCAGTGATGCCA	1
AATGGAGAGAGATA	1
ACAATTGAAGCCAT	1
ACCTCGTGTTCATC	1
ACGATGACATGTCG	1
AGATCTCTCAAAGA	1
AGCATTCTATCGAC	1
AGGCAGGAAGAGGC	1
AGTGACTGTCGCTC	1
ATTCAAGATATGGC	1
ATTGAATGGACTAC	1
ATTGATGACTACTT	1
ATTGCACTTCGATG	1
CAAGAAGATTCTAC	1
CAAGTCGACCCAAA	1
CAATTCTGGGAAGC	1
CATCGCTGGTCAAC	1
CCACTGTGTCCGTC	1
CCCATCGAGCGTAT	1
CGACCACTTGCATG	1
CGCAGGTGCGACTA	1
CGCGATCTTGCATG	1
CGGCGAACTCGTGA	1
CGTTATACAGGTTC	1
CTCAGAGATCTTCA	1
CTCGACACCTGTTT	1
CTGAACGAGGGATG	1
GAACCAACCTTGGA	1
GATTACCTTCGTAG	1
GCAGATACGTCAAC	1
GCGAGAGATTTGGG	1
GGACGCTGCCAGTA	1
GGGATGGAAAGGTA	1
GGTACAACTGTCGA	1
GGTCAAACTGCGTA	1
GTCCAAGACGTAGT	1
GTGTACGAGATGAA	1
GTTATGCTGAGGGT	1
GTTGGATGAGCATC	1
TACTGGGAATTTCC	1
TCAGTACTTAAGCC	1
TCTTGATGTTGCAG	1
TGAAGCTGCCTCGT	1
TGACGAACTACTCT	1
TGATCGGAATGGTC	1
TGCTATACTCCGAA	1
TTCATCGACTTGAG	1
TTGAGGACTTGTCT	1
TTGGAGACAACGAA	1
TTGGAGACCTTCCG	1
AAACGCTGTTCGTT	0
AACAGAGAAATCGC	0
AACAGCACCAAAGA	0
ACAATTGATCTTCA	0
ACAGGTACGAGGCA	0
ACCGTGCTTGAAGA	0
ACGGGAGACAGTTG	0
ACTTGACTCATGGT	0
ACTTGACTGGAGTG	0
AGCATGACTGCTAG	0
AGCGATACTCGCTC	0
AGTACTCTGCTACA	0
AGTATAACCCTACC	0
AGTGACACCGTGTA	0
ATAGGAGAACACAC	0
ATCCATACAAGGTA	0
ATCCATACATGCTG	0
CAAAGCACAACCAC	0
CACAGTGACGTTGA	0
CAGTTTACGTAGGG	0
CATGTTACTGGTTG	0
CCACCATGTTGCTT	0
CCCATGTGTTCCAT	0
CCGTACACCCCTTG	0
CGACAAACGATAAG	0
CGACCGGATTCTAC	0
CGCGGATGGTGAGG	0
CTAACTACCAATCG	0
CTATAGCTGAAGGC	0
CTATGACTGCATAC	0
GACAACTGTCGCAA	0
GAGGGATGAAGAGT	0
GATGCATGGAATGA	0
GGGATGGAGAGGAC	0
GTATGGTGCAATCG	0
GTGTATCTACCTGA	0
GTGTCAGATACAGC	0
TAATGTGACCTACC	0
TACCATTGAAGATG	0
TACGATCTCCCTCA	0
TATCAGCTATGACC	0
TCACTATGGGTAGG	0
TCAGACGATCTGGA	0
TCAGAGACAGTACC	0
TCCCAGACAAACAG	0
TCGACCTGTTGAGC	0
TCTAGACTTTTGGG	0
TCTCCACTGTGTAC	0
TGAATAACTCCTAT	0
TGCAGATGCACAAC	0
TGTGGATGACGTGT	0
TTATGGCTATCTTC	0
TTCAACACATGTCG	0
